rownames,year,calls
1,50,4.4
2,51,4.699999999999999
3,52,4.699999999999999
4,53,5.8999999999999995
5,54,6.6000000000000005
6,55,7.3
7,56,8.100000000000001
8,57,8.8
9,58,10.600000000000001
10,59,12
11,60,13.5
12,61,14.9
13,62,16.1
14,63,21.200000000000003
15,64,119
16,65,124
17,66,142
18,67,159
19,68,182
20,69,212
21,70,43
22,71,24
23,72,27
24,73,29
