"","prot","Chr","SNP","bp","refA","freq","b","se","p","n","freq_geno","bJ","bJ_se","pJ","LD_r","uniprot"
"393","OPG",8,"chr8:120081031_C_T",120081031,"C",0.46416,0.207855,0.0204073,4.00719e-24,6243,0.439364,0.207855,0.0205745,5.38315e-24,0,"O00300"
"394","OPG",17,"chr17:26612996_C_T",26612996,"T",0.46947,0.172628,0.0201845,1.59082e-17,6405.28,0.484095,0.172628,0.0202979,1.82001e-17,0,"O00300"
