"","SNP","b.LIF.R","SE.LIF.R","b.FEV1","SE.FEV1","b.CAD","SE.CAD"
"1","rs188743906",0.6804,0.1104,0.00177,0.0166,NA,NA
"2","rs2289779",-0.0788,0.0134,0.00104,0.00261,-0.007543,0.0092258
"3","rs117804300",-0.2281,0.039,-0.00392,0.00855,0.109372,0.0362219
"4","rs7033492",-0.0968,0.0147,-0.00585,0.00269,0.022793,0.0119903
"5","rs10793962",0.2098,0.0212,0.00378,0.00536,-0.014567,0.0138196
"6","rs635634",-0.2885,0.0153,-0.0204,0.00334,0.077157,0.0117123
"7","rs176690",-0.0973,0.0142,0.00293,0.00306,-7e-06,0.0107781
"8","rs147278971",-0.2336,0.0378,-0.0124,0.00792,0.079873,0.0397491
"9","rs11562629",0.1155,0.0181,0.0096,0.00378,-0.01004,0.015146
