rownames,min,mbac,mpl,fbac,fpl,avbac,avplac
10,10,1.764705882352941,1.764705882352941,2.184873949579832,2.554621848739496,2.11484593837535,2.110294117647059
30,30,1.310924369747899,1.647058823529412,3.478991596638656,4.151260504201681,3.11764705882353,2.74264705882353
50,50,0.05042016806722689,0.6722689075630253,3.126050420168068,3.663865546218488,2.613445378151261,1.9810924369747902
70,70,-0.5714285714285715,-0.2521008403361344,3.025210084033614,2.050420168067227,2.4257703081232496,0.7552521008403363
90,90,-1.260504201680672,-0.5042016806722689,2.084033613445378,0.6050420168067226,1.5266106442577028,-0.018907563025210072
110,110,-2.151260504201681,-2.218487394957983,1.596638655462185,0.3361344537815126,0.9719887955182072,-1.1008403361344536
130,130,-1.647058823529412,-2.184873949579832,1.378151260504202,0.6722689075630253,0.873949579831933,-0.9348739495798319
150,150,-1.680672268907563,-2.857142857142857,1.764705882352941,0.75630252100840345,1.1904761904761902,-1.2762605042016806
170,170,-1.680672268907563,-3.226890756302521,1.058823529411765,0.3865546218487395,0.6022408963585436,-1.6460084033613445
