rownames,dose,log10dose,r,n
1,5.1286138399136485,0.71,16,49
2,10,1,18,48
3,20.417379446695296,1.31,34,48
4,30.19951720402016,1.48,47,49
5,40.73802778041128,1.61,47,50
6,50.11872336272722,1.7,48,48
