"","rootl","conc"
"1",7.58,0
"2",8,0
"3",8.328571429,0
"4",7.25,0
"5",7.375,0
"6",7.9625,0
"7",8.355555556,0.94
"8",6.914285714,0.94
"9",7.75,0.94
"10",6.871428571,1.88
"11",6.45,1.88
"12",5.922222222,1.88
"13",1.925,3.75
"14",2.885714286,3.75
"15",4.233333333,3.75
"16",1.1875,7.5
"17",0.857142857,7.5
"18",1.057142857,7.5
"19",0.6875,15
"20",0.525,15
"21",0.825,15
"22",0.25,30
"23",0.22,30
"24",0.44,30
