"","year","posangle","distance","velocity"
"1",1720,160,17.2,-0.32
"2",1730,156.6666667,16.81,-0.354
"3",1740,153,16.31,-0.376
"4",1750,148.9166667,15.5,-0.416
"5",1760,144.4166667,14.46,-0.478
"6",1770,139.75,13.7,-0.533
"7",1780,134.5,13.52,-0.547
"8",1790,128.5833333,12.94,-0.597
"9",1800,122.4166667,12.58,-0.632
"10",1810,115.5,11.18,-0.8
"11",1815,111.3333333,10.37,-0.929
"12",1820,106.25,9.57,-1.092
"13",1825,98.33333333,7.09,-1.987
"14",1830,84.33333333,4.9,-4.165
