rownames,study,y1,y2,V1,V2
1,1,-0.58,-0.18,0.31360000000000005,0.31360000000000005
2,2,,0.79,,0.0576
3,3,,0.21,,0.43560000000000004
4,4,-1.02,-0.63,0.1521,0.0841
5,5,,1.01,,0.2304
6,6,-0.69,-0.64,0.16000000000000003,0.16000000000000003
